{"loss": 20.959758758544922, "_timestamp": 1699863106.1655815, "R@1": 0.027683997299122215, "R@2": 0.04827819041188386, "R@4": 0.08575286968264687, "R@8": 0.14821066846725187, "_runtime": 516.6166443824768, "_step": 4, "_wandb": {"runtime": 825}}