{"loss": 26.739139556884766, "_timestamp": 1699870012.6594412, "R@1": 0.030681051921780174, "R@2": 0.05933917734322319, "R@4": 0.10923803101820634, "R@8": 0.20465273095077546, "_runtime": 4183.454856157303, "_step": 5}