{"loss": 20.569589614868164, "_timestamp": 1699862396.7963808, "R@1": 0.027683997299122215, "R@2": 0.04827819041188386, "R@4": 0.08575286968264687, "R@8": 0.14821066846725187, "_runtime": 209.06943583488464, "_step": 1, "_wandb": {"runtime": 230}}