{"loss": 22.360239028930664, "_timestamp": 1699865536.042337, "R@1": 0.027683997299122215, "R@2": 0.04827819041188386, "R@4": 0.08575286968264687, "R@8": 0.14821066846725187, "_runtime": 1157.5369420051575, "_step": 0}