{"_wandb": {"runtime": 344}, "loss": 22.360239028930664, "_timestamp": 1699864083.757413, "_runtime": 62.79909300804138, "_step": 0}