{"loss": 19.39923858642578, "_timestamp": 1699876502.7001407, "R@1": 0.024275118004045852, "R@2": 0.050236008091706, "R@4": 0.10013486176668915, "R@8": 0.1861092380310182, "_runtime": 784.0578827857971, "_step": 2, "_wandb": {"runtime": 882}}